<?xml version="1.0" encoding="UTF-8"?>
<actions>
        <action>
            <actionName>run</actionName>
            <packagings>
                <packaging>jar</packaging>
            </packagings>
            <goals>
                <goal>spring-boot:run</goal>
            </goals>
            <properties>
                <run.mainClass>${packageClassName}</run.mainClass>
            </properties>
        </action>
        <action>
            <actionName>debug</actionName>
            <packagings>
                <packaging>jar</packaging>
            </packagings>
            <goals>
                <goal>spring-boot:run</goal>
            </goals>
            <properties>
                <run.jvmArguments>-Xdebug -Xrunjdwp:transport=dt_socket,server=n,address=${jpda.address}</run.jvmArguments>
                <run.mainClass>${packageClassName}</run.mainClass>
                <jpda.listen>true</jpda.listen>
            </properties>
        </action>
    </actions>
