<?xml version="1.0" encoding="UTF-8"?>
<!DOCTYPE codetemplates PUBLIC "-//NetBeans//DTD Editor Code Templates settings 1.0//EN" "http://www.netbeans.org/dtds/EditorCodeTemplates-1_0.dtd">
<codetemplates>
    <codetemplate abbreviation="todo" xml:space="preserve">
        <code><![CDATA[// TODO ]]></code>
    </codetemplate>
    <codetemplate abbreviation="ifn" xml:space="preserve">
        <code><![CDATA[if(${VAR instanceof="java.lang.Object" default="var"} ==null){
${cursor}
}]]></code>
    </codetemplate>
    <codetemplate abbreviation="sf" xml:space="preserve">
        <code><![CDATA[String.format("${formatString}",${vars})${cursor}]]></code>
    </codetemplate>
    <codetemplate abbreviation="logr4" xml:space="preserve">
        <code><![CDATA[private static final ${loggerType type="org.slf4j.Logger" default="Logger" editable="false"} logger = ${loggerFactory type="org.slf4j.LoggerFactory" default="LoggerFactory" editable="false"}.getLogger(${classVar editable="false" currClassName default="getClass()"}.class);]]></code>
    </codetemplate>
    <codetemplate abbreviation="tmbl" contexts="BLOCK" xml:space="preserve">
        <code><![CDATA[long start=System.currentTimeMillis();
${selection}
${logger instanceof="org.slf4j.Logger" default="log" editable="false"}.debug("Took {} msecs", System.currentTimeMillis()-start);
]]></code>
        <description><![CDATA[Log code timing]]></description>
    </codetemplate>
    <codetemplate abbreviation="jaxbu" xml:space="preserve">
        <code><![CDATA[
            try {
                javax.xml.bind.JAXBContext jaxbCtx = javax.xml.bind.JAXBContext.newInstance(${UM_OBJ instanceof="java.lang.Object" default="umObj"}.getClass().getPackage().getName());
                javax.xml.bind.Unmarshaller unmarshaller = jaxbCtx.createUnmarshaller();
                ${UM_OBJ} = ${TYPE_CAST cast default=""} unmarshaller.unmarshal(new java.io.File("File path")); //NOI18N
            } catch (javax.xml.bind.JAXBException ex) {
                // XXXTODO Handle exception
                java.util.logging.Logger.getLogger("global").log(java.util.logging.Level.SEVERE, null, ex); //NOI18N
            }
        ]]></code>
        <description><![CDATA[Sample template to unmarshal JAXB objects.]]></description>
    </codetemplate>
    <codetemplate abbreviation="souf" xml:space="preserve">
        <code><![CDATA[System.out.format("${formatString}%n",${vars});${cursor}]]></code>
    </codetemplate>
    <codetemplate abbreviation="ifnn" xml:space="preserve">
        <code><![CDATA[if(${VAR instanceof="java.lang.Object" default="var"} !=null){
${cursor}
}]]></code>
    </codetemplate>
    <codetemplate abbreviation="jaxbm" xml:space="preserve">
        <code><![CDATA[try {            
                javax.xml.bind.JAXBContext jaxbCtx= javax.xml.bind.JAXBContext.newInstance( ${OBJ2M instanceof="java.lang.Object" default="obj2BMarshalled"}.getClass().getPackage().getName());
                javax.xml.bind.Marshaller marshaller = jaxbCtx.createMarshaller();
                marshaller.setProperty(javax.xml.bind.Marshaller.JAXB_ENCODING, "UTF-8"); //NOI18N
                marshaller.setProperty(javax.xml.bind.Marshaller.JAXB_FORMATTED_OUTPUT, Boolean.TRUE);
                marshaller.marshal(${OBJ2M} , System.out);
            } catch (javax.xml.bind.JAXBException ex) {
                // XXXTODO Handle exception
                java.util.logging.Logger.getLogger("global").log(java.util.logging.Level.SEVERE, null, ex); //NOI18N
        }]]></code>
        <description><![CDATA[Sample template to marshal JAXB objects.]]></description>
    </codetemplate>
</codetemplates>
