<?xml version="1.0" encoding="UTF-8"?>
<!DOCTYPE editor-preferences PUBLIC "-//NetBeans//DTD Editor Preferences 1.0//EN" "http://www.netbeans.org/dtds/EditorPreferences-1_0.dtd">
<editor-preferences>
    <entry javaType="java.lang.Boolean" name="code-folding-collapse-import" xml:space="preserve">
        <value><![CDATA[true]]></value>
    </entry>
    <entry javaType="java.lang.Boolean" name="expand-tabs" xml:space="preserve">
        <value><![CDATA[true]]></value>
    </entry>
    <entry javaType="java.lang.Boolean" name="generateParagraphTagOnBlankLines" xml:space="preserve">
        <value><![CDATA[true]]></value>
    </entry>
    <entry javaType="java.lang.String" name="importGroupsOrder" xml:space="preserve">
        <value><![CDATA[java;javax;org;com;*;static *]]></value>
    </entry>
    <entry javaType="java.lang.Integer" name="indent-shift-width" xml:space="preserve">
        <value><![CDATA[4]]></value>
    </entry>
    <entry javaType="java.lang.Boolean" name="javaCompletionSubwords" xml:space="preserve">
        <value><![CDATA[false]]></value>
    </entry>
    <entry javaType="java.lang.String" name="on-save-reformat" xml:space="preserve">
        <value><![CDATA[always]]></value>
    </entry>
    <entry javaType="java.lang.String" name="on-save-remove-trailing-whitespace" xml:space="preserve">
        <value><![CDATA[always]]></value>
    </entry>
    <entry javaType="java.lang.Boolean" name="on-save-use-global-settings" xml:space="preserve">
        <value><![CDATA[true]]></value>
    </entry>
    <entry javaType="java.lang.Boolean" name="on-save.Imports_UNUSED" xml:space="preserve">
        <value><![CDATA[true]]></value>
    </entry>
    <entry javaType="java.lang.Boolean" name="on-save.org.netbeans.modules.java.hints.OrganizeImports" xml:space="preserve">
        <value><![CDATA[true]]></value>
    </entry>
    <entry javaType="java.lang.Boolean" name="separateStaticImports" xml:space="preserve">
        <value><![CDATA[true]]></value>
    </entry>
    <entry javaType="java.lang.Integer" name="spaces-per-tab" xml:space="preserve">
        <value><![CDATA[4]]></value>
    </entry>
    <entry javaType="java.lang.Integer" name="text-limit-width" xml:space="preserve">
        <value><![CDATA[130]]></value>
    </entry>
    <entry javaType="java.lang.Boolean" name="wrapAfterDotInChainedMethodCalls" xml:space="preserve">
        <value><![CDATA[false]]></value>
    </entry>
    <entry javaType="java.lang.String" name="wrapChainedMethodCalls" xml:space="preserve">
        <value><![CDATA[WRAP_IF_LONG]]></value>
    </entry>
    <entry javaType="java.lang.String" name="wrapMethodCallArgs" xml:space="preserve">
        <value><![CDATA[WRAP_IF_LONG]]></value>
    </entry>
    <entry javaType="java.lang.String" name="wrapMethodParams" xml:space="preserve">
        <value><![CDATA[WRAP_IF_LONG]]></value>
    </entry>
    <entry javaType="java.lang.Boolean" name="wrapOneLineComment" xml:space="preserve">
        <value><![CDATA[false]]></value>
    </entry>
    <entry name="code-folding-collapse-innerclass" remove="true"/>
    <entry name="code-folding-collapse-javadoc" remove="true"/>
    <entry name="code-folding-collapse-method" remove="true"/>
    <entry name="pair-characters-completion" remove="true"/>
    <entry name="show-deprecated-members" remove="true"/>
</editor-preferences>
